Player,PTS,Level
A.J. Lawson,56.0,Faible
AJ Green,154.0,Faible
AJ Griffin,639.0,Élevé
AJ Hammons,48.0,Faible
AJ Price,206.0,Faible
Aaron Brooks,477.1666666666667,Moyen
Aaron Gordon,888.4444444444445,Élevé
Aaron Gray,92.0,Faible
Aaron Harrison,26.33333333333333,
Aaron Henry,2.0,
Aaron Holiday,408.6,Moyen
Aaron Jackson,8.0,
Aaron Nesmith,384.0,Moyen
Aaron Wiggins,447.5,Moyen
Abdel Nader,185.2,Faible
Adam Mokoka,23.5,
Ade Murkey,0.0,
Admiral Schofield,133.33333333333334,Faible
Adonis Thomas,14.0,
Adreian Payne,107.25,Faible
Ahmad Caver,2.0,
Al Harrington,138.0,Faible
Al Horford,868.0909090909091,Élevé
Al Jefferson,902.6666666666666,Élevé
Al-Farouq Aminu,499.3333333333333,Élevé
Alan Anderson,390.6,Moyen
Alan Williams,103.25,Faible
Alec Burks,625.0909090909091,Élevé
Alec Peters,82.0,Faible
Aleem Ford,14.0,
Aleksej Pokusevski,369.0,Moyen
Alen Smailagic,43.5,
Alex Abrines,308.0,Moyen
Alex Caruso,293.3333333333333,Moyen
Alex Kirk,4.0,
Alex Len,441.4,Moyen
Alex Poythress,65.66666666666667,Faible
Alex Stepheson,22.0,
Alexey Shved,449.6666666666667,Moyen
Alexis Ajinca,332.5,Moyen
Alfonzo McKinnie,144.2,Faible
Alize Johnson,37.8,
Allen Crabbe,493.2857142857143,Élevé
Allonzo Trier,425.0,Moyen
Alondes Williams,0.0,
Alonzo Gee,335.4,Moyen
Alperen Sengun,900.5,Élevé
Amar'e Stoudemire,541.25,Élevé
Amida Brimah,13.0,
Amile Jefferson,21.0,
Amir Coffey,247.25,Moyen
Amir Johnson,563.7142857142857,Élevé
Anderson Varejao,220.5,Moyen
Andray Blatche,832.0,Élevé
Andre Dawkins,3.0,
Andre Drummond,939.7272727272727,Élevé
Andre Iguodala,413.27272727272725,Moyen
Andre Ingram,12.0,
Andre Miller,392.0,Moyen
Andre Roberson,197.42857142857144,Faible
Andrea Bargnani,433.75,Moyen
Andrei Kirilenko,340.0,Moyen
Andrew Bogut,232.7142857142857,Moyen
Andrew Bynum,225.0,Moyen
Andrew Goudelock,11.0,
Andrew Harrison,337.3333333333333,Moyen
Andrew Nembhard,709.0,Élevé
Andrew Nicholson,340.0,Moyen
Andrew White III,69.0,Faible
Andrew Wiggins,1350.2222222222222,Élevé
Andris Biedrins,13.5,
Anfernee Simons,690.0,Élevé
Angel Delgado,3.0,
Antawn Jamison,398.0,Moyen
Ante Zizic,224.66666666666663,Moyen
Anthony Bennett,164.5,Faible
Anthony Brown,53.66666666666666,Faible
Anthony Davis,1440.090909090909,Élevé
Anthony Edwards,1623.6666666666667,Élevé
Anthony Gill,151.66666666666666,Faible
Anthony Lamb,182.66666666666663,Faible
Anthony Morrow,448.2,Moyen
Anthony Randolph,174.5,Faible
Anthony Tolliver,357.55555555555554,Moyen
Antonio Blakeney,284.5,Moyen
Antonius Cleveland,17.0,
Anzejs Pasecniks,78.0,Faible
Archie Goodwin,260.0,Moyen
Arinze Onuaku,11.333333333333334,
Armoni Brooks,255.5,Moyen
Arnett Moultrie,105.0,Faible
Arnoldas Kulboka,0.0,
Aron Baynes,346.1111111111111,Moyen
Arron Afflalo,837.5,Élevé
Ashton Hagans,0.0,
Austin Daye,147.33333333333334,Faible
Austin Reaves,638.5,Élevé
Austin Rivers,545.0909090909091,Élevé
Avery Bradley,674.3,Élevé
Axel Toupane,33.666666666666664,
Ayo Dosunmu,683.0,Élevé
BJ Johnson,26.33333333333333,
Bam Adebayo,1024.3333333333333,Élevé
Ben Bentil,0.0,
Ben Gordon,429.3333333333333,Moyen
Ben Hansbrough,57.0,Faible
Ben McLemore,557.2222222222222,Élevé
Ben Moore,0.0,
Ben Simmons,934.6,Élevé
Bennedict Mathurin,1302.0,Élevé
Beno Udrih,355.0,Moyen
Bernard James,67.66666666666667,Faible
Billy Garrett,26.0,
Bismack Biyombo,340.90909090909093,Moyen
Blake Griffin,1027.2727272727273,Élevé
Blake Wesley,184.0,Faible
Boban Marjanovic,223.75,Moyen
Bobby Brown,56.0,Faible
Bobby Portis,751.0,Élevé
Bogdan Bogdanovic,876.1666666666666,Élevé
Bojan Bogdanovic,1146.2222222222222,Élevé
Bol Bol,194.0,Faible
Bones Hyland,678.5,Élevé
Bonzie Colson,39.0,
Boris Diaw,536.6,Élevé
Brad Wanamaker,261.5,Moyen
Bradley Beal,1399.1818181818182,Élevé
Brandan Wright,336.8333333333333,Moyen
Branden Dawson,5.0,
Brandon Bass,648.6,Élevé
Brandon Boston Jr.,243.0,Moyen
Brandon Clarke,633.75,Élevé
Brandon Davies,143.0,Faible
Brandon Goodwin,157.0,Faible
Brandon Ingram,1132.0,Élevé
Brandon Jennings,708.6666666666666,Élevé
Brandon Knight,681.75,Élevé
Brandon Paul,147.0,Faible
Brandon Roy,29.0,
Brandon Rush,125.0,Faible
Brandon Sampson,71.0,Faible
Brandon Williams,309.0,Moyen
Braxton Key,41.5,
Brendan Haywood,125.5,Faible
Brian Bowen II,4.5,
Brian Roberts,411.8,Moyen
Briante Weber,47.66666666666666,Faible
Brice Johnson,23.5,
Brodric Thomas,73.0,Faible
Brook Lopez,1009.7272727272727,Élevé
Bruce Brown,595.8,Élevé
Bruno Caboclo,63.142857142857146,Faible
Bruno Fernando,133.0,Faible
Bryce Cotton,44.0,
Bryce Dejean-Jones,79.0,Faible
Bryce McGowens,246.0,Moyen
Bryn Forbes,539.4285714285714,Élevé
Buddy Boeheim,16.0,
Buddy Hield,1258.142857142857,Élevé
Byron Mullens,376.5,Moyen
C.J. Watson,390.0,Moyen
C.J. Wilcox,44.0,
C.J. Williams,124.0,Faible
CJ Elleby,203.5,Faible
CJ McCollum,1290.9,Élevé
CJ Miles,538.2222222222222,Élevé
Cade Cunningham,676.5,Élevé
Caleb Houstan,193.0,Faible
Caleb Martin,402.25,Moyen
Caleb Swanigan,56.333333333333336,Faible
Cam Reddish,446.5,Moyen
Cam Reynolds,55.0,Faible
Cam Thomas,587.0,Élevé
Cameron Bairstow,22.0,
Cameron Johnson,637.25,Élevé
Cameron McGriff,14.0,
Cameron Oliver,33.0,
Cameron Payne,328.125,Moyen
Caris LeVert,792.2857142857143,Élevé
Carl Landry,451.0,Moyen
Carlik Jones,12.0,
Carlos Boozer,1053.0,Élevé
Carlos Delfino,708.0,Élevé
Carmelo Anthony,1236.3,Élevé
Caron Butler,480.75,Moyen
Carrick Felix,19.0,
Carsen Edwards,89.0,Faible
Cartier Martin,211.66666666666663,Moyen
Casper Ware,48.0,Faible
Cassius Stanley,44.0,
Cassius Winston,27.5,
Cat Barber,0.0,
Cedi Osman,656.3333333333334,Élevé
Chance Comanche,7.0,
Chandler Hutchison,139.5,Faible
Chandler Parsons,621.5,Élevé
Channing Frye,492.1666666666667,Élevé
Charles Bassey,134.0,Faible
Charles Cooke,6.0,
Charles Jenkins,111.0,Faible
Charlie Brown Jr.,30.0,
Charlie Villanueva,320.25,Moyen
Chase Budinger,304.5,Moyen
Chasson Randle,169.75,Faible
Chauncey Billups,128.0,Faible
Chaundee Brown Jr.,31.0,
Cheick Diallo,191.6,Faible
Chima Moneke,2.0,
Chimezie Metu,238.0,Moyen
Chinanu Onuaku,9.0,
Chris Andersen,227.4,Moyen
Chris Babb,22.0,
Chris Bosh,1112.75,Élevé
Chris Boucher,464.6666666666667,Moyen
Chris Chiozza,75.75,Faible
Chris Clemons,161.0,Faible
Chris Copeland,249.5,Moyen
Chris Douglas-Roberts,125.0,Faible
Chris Duarte,541.0,Élevé
Chris Duhon,133.0,Faible
Chris Johnson,153.4,Faible
Chris Kaman,444.75,Moyen
Chris McCullough,64.66666666666667,Faible
Chris Paul,1148.1818181818182,Élevé
Chris Quinn,10.0,
Chris Silva,48.25,Faible
Chris Singleton,153.0,Faible
Chris Smith,0.0,
Chris Wilcox,259.0,Moyen
Chris Wright,25.0,
Christian Braun,360.0,Moyen
Christian Koloko,182.0,Faible
Christian Wood,610.0,Élevé
Chuck Hayes,96.0,Faible
Chuma Okeke,360.6666666666667,Moyen
Cleanthony Early,120.5,Faible
Cliff Alexander,10.0,
Clint Capela,736.6666666666666,Élevé
Coby White,846.75,Élevé
Cody Martin,256.0,Moyen
Cody Zeller,430.0,Moyen
Cole Aldrich,162.5,Faible
Cole Anthony,816.0,Élevé
Cole Swider,9.0,
Collin Sexton,1008.2,Élevé
Corey Brewer,550.25,Élevé
Corey Kispert,727.0,Élevé
Corey Maggette,95.0,Faible
Cory Higgins,14.0,
Cory Jefferson,102.5,Faible
Cory Joseph,502.7272727272728,Élevé
Coty Clarke,6.0,
Courtney Lee,612.75,Élevé
Craig Sword,6.0,
Cristiano Felicio,179.66666666666666,Faible
D'Angelo Russell,1095.875,Élevé
D.J. Augustin,619.1,Élevé
D.J. Wilson,129.4,Faible
DJ Stephens,4.5,
DJ White,14.5,
DaJuan Summers,2.0,
DaQuan Jeffries,59.66666666666666,Faible
Daequan Cook,137.0,Faible
Dahntay Jones,76.25,Faible
Dairis Bertans,34.0,
Daishen Nix,151.5,Faible
Dakari Johnson,55.0,Faible
Dakota Mathias,27.0,
Dalano Banton,173.5,Faible
Dalen Terry,85.0,Faible
Damian Jones,179.85714285714286,Faible
Damian Lillard,1761.4545454545455,Élevé
Damien Inglis,36.0,
Damien Wilkins,210.5,Moyen
Damion James,3.0,
Damion Lee,397.3333333333333,Moyen
Damjan Rudez,160.0,Faible
Damyean Dotson,318.8,Moyen
Daniel Gafford,495.5,Élevé
Daniel Gibson,250.0,Moyen
Daniel Hamilton,34.5,
Daniel Ochefu,24.0,
Daniel Orton,49.0,Faible
Daniel Oturu,31.5,
Daniel Theis,394.3333333333333,Moyen
Danilo Gallinari,926.4444444444443,Élevé
Danny Granger,184.33333333333331,Faible
Danny Green,592.7272727272727,Élevé
Dante Cunningham,439.2857142857143,Moyen
Dante Exum,231.5,Moyen
Danuel House Jr.,287.2857142857143,Moyen
Dario Saric,757.0,Élevé
Darius Bazley,516.25,Élevé
Darius Days,15.0,
Darius Garland,1158.0,Élevé
Darius Johnson-Odom,0.0,
Darius Miller,266.1666666666667,Moyen
Darius Morris,128.0,Faible
Darko Milicic,0.0,
Darrell Arthur,331.3333333333333,Moyen
Darren Collison,781.875,Élevé
Darrun Hilliard,98.33333333333331,Faible
Daryl Macon,16.0,
David Duke Jr.,94.5,Faible
David Johnson,0.0,
David Lee,821.4,Élevé
David Nwaba,270.3333333333333,Moyen
David Roddy,466.0,Moyen
David Stockton,9.0,
David Wear,0.0,
David West,750.3333333333334,Élevé
Davion Mitchell,655.5,Élevé
Davis Bertans,481.57142857142856,Moyen
Davon Reed,93.25,Faible
Day'Ron Sharpe,212.5,Moyen
De'Aaron Fox,1329.0,Élevé
De'Andre Hunter,715.0,Élevé
De'Anthony Melton,549.6,Élevé
DeAndre Jordan,683.2727272727273,Élevé
DeAndre Liggins,78.25,Faible
DeAndre' Bembry,291.6666666666667,Moyen
DeJon Jarreau,0.0,
DeJuan Blair,235.5,Moyen
DeMar DeRozan,1687.1818181818182,Élevé
DeMarcus Cousins,1166.5555555555557,Élevé
DeMarre Carroll,603.0,Élevé
DeQuan Jones,233.0,Moyen
DeSagana Diop,16.0,
DeShawn Stevenson,284.0,Moyen
DeVaughn Akoon-Purcell,7.0,
Dean Wade,217.75,Moyen
Deandre Ayton,1009.2,Élevé
Deividas Sirvydis,22.0,
Dejounte Murray,918.0,Élevé
Delon Wright,415.125,Moyen
Demetrius Jackson,16.0,
Deng Adel,32.0,
Deni Avdija,574.6666666666666,Élevé
Dennis Schroder,963.6,Élevé
Dennis Smith Jr.,465.1666666666667,Moyen
Denzel Valentine,359.0,Moyen
Deonte Burton,62.0,Faible
Derek Fisher,300.0,Moyen
Dereon Seabron,4.0,
Deron Williams,978.8,Élevé
Derrick Favors,725.1,Élevé
Derrick Jones Jr.,307.42857142857144,Moyen
Derrick Rose,652.4,Élevé
Derrick Walton Jr.,33.666666666666664,
Derrick White,674.0,Élevé
Derrick Williams,537.6666666666666,Élevé
Desmond Bane,1085.3333333333333,Élevé
Devin Booker,1586.0,Élevé
Devin Cannady,42.0,
Devin Ebanks,65.0,Faible
Devin Harris,500.57142857142856,Élevé
Devin Robinson,24.5,
Devin Vassell,638.6666666666666,Élevé
Devon Dotson,18.33333333333333,
Devon Hall,20.0,
Devontae Cacok,30.33333333333333,
Devonte' Graham,723.8,Élevé
Devyn Marble,48.5,Faible
Dewan Hernandez,14.0,
Dewayne Dedmon,325.5,Moyen
Dexter Pittman,4.0,
Deyonta Davis,151.33333333333334,Faible
Diamond Stone,10.0,
Diante Garrett,144.0,Faible
Didi Louzada,21.5,
Dillon Brooks,833.6666666666666,Élevé
Dion Waiters,688.125,Élevé
Dionte Christmas,71.0,Faible
Dirk Nowitzki,1060.857142857143,Élevé
Domantas Sabonis,1067.2857142857142,Élevé
Dominic McGuire,51.0,Faible
Dominick Barlow,110.0,Faible
Dominique Jones,116.0,Faible
Donald Sloan,251.5,Moyen
Donatas Motiejunas,305.3333333333333,Moyen
Donovan Mitchell,1692.6666666666667,Élevé
Donovan Williams,4.0,
Donta Hall,56.0,Faible
Donte DiVincenzo,497.4,Élevé
Donte Grantham,0.0,
Dorell Wright,430.3333333333333,Moyen
Dorian Finney-Smith,540.0,Élevé
Doron Lamb,172.5,Faible
Doug McDermott,611.1111111111111,Élevé
Dragan Bender,253.5,Moyen
Draymond Green,597.9090909090909,Élevé
Drew Eubanks,304.6,Moyen
Drew Gooden,148.5,Faible
Drew Gordon,17.0,
Dru Smith,44.0,
Duane Washington Jr.,358.5,Moyen
Duje Dukan,6.0,
Duncan Robinson,621.2,Élevé
Dusty Hannahs,10.0,
Dwayne Bacon,375.75,Moyen
Dwight Buycks,103.33333333333331,Faible
Dwight Howard,805.0,Élevé
Dwight Powell,492.44444444444446,Élevé
Dwyane Wade,1167.857142857143,Élevé
Dylan Windler,92.0,Faible
Dyson Daniels,227.0,Moyen
Dzanan Musa,105.5,Faible
E'Twaun Moore,514.7777777777778,Élevé
Earl Barron,35.5,
Earl Clark,237.33333333333331,Moyen
Earl Watson,54.0,Faible
Ed Davis,337.5,Moyen
Eddy Curry,9.0,
Edmond Sumner,199.4,Faible
Edy Tavares,16.5,
Ekpe Udoh,155.4,Faible
Elfrid Payton,629.5,Élevé
Elias Harris,0.0,
Elie Okobo,261.5,Moyen
Elijah Bryant,16.0,
Elijah Hughes,78.5,Faible
Elijah Millsap,95.66666666666669,Faible
Elliot Williams,149.66666666666666,Faible
Elton Brand,275.75,Moyen
Emanuel Terry,5.0,
Emeka Okafor,439.5,Moyen
Emmanuel Mudiay,549.8333333333334,Élevé
Enes Freedom,804.5,Élevé
Eric Bledsoe,967.3,Élevé
Eric Gordon,853.6363636363636,Élevé
Eric Maynor,186.5,Faible
Eric Mika,6.0,
Eric Moreland,40.0,
Eric Paschall,517.3333333333334,Élevé
Erick Green,79.5,Faible
Erik McCree,0.0,
Erik Murphy,6.0,
Ersan Ilyasova,641.0,Élevé
Eugene Omoruyi,142.5,Faible
Evan Fournier,853.3636363636364,Élevé
Evan Mobley,1155.5,Élevé
Evan Turner,706.125,Élevé
Fab Melo,7.0,
Facundo Campazzo,246.0,Moyen
Feron Hunt,0.0,
Festus Ezeli,237.33333333333331,Moyen
Francisco Garcia,227.0,Moyen
Frank Jackson,363.2,Moyen
Frank Kaminsky,453.75,Moyen
Frank Mason III,173.75,Faible
Frank Ntilikina,255.0,Moyen
Franz Wagner,1341.0,Élevé
Fred VanVleet,870.0,Élevé
Freddie Gillespie,66.0,Faible
Furkan Aldemir,93.0,Faible
Furkan Korkmaz,359.3333333333333,Moyen
Gabe Vincent,374.0,Moyen
Gabe York,16.0,
Gabriel Deck,51.0,Faible
Gabriel Lundberg,13.0,
Gal Mekel,39.5,
Garrett Temple,386.1818181818182,Moyen
Garrison Mathews,339.75,Moyen
Gary Clark,131.0,Faible
Gary Harris,658.1111111111111,Élevé
Gary Neal,426.0,Moyen
Gary Payton II,120.14285714285714,Faible
Gary Trent Jr.,780.0,Élevé
George Hill,616.1818181818181,Élevé
George King,0.5,
Georges Niang,356.2857142857143,Moyen
Georgios Kalaitzakis,86.0,Faible
Georgios Papagiannis,80.0,Faible
Gerald Green,664.2857142857143,Élevé
Gerald Henderson,878.2,Élevé
Gerald Wallace,288.0,Moyen
Gian Clavell,20.0,
Giannis Antetokounmpo,1628.0,Élevé
Gigi Datome,94.0,Faible
Glen Davis,482.3333333333333,Moyen
Glen Rice,21.5,
Glenn Robinson III,257.7142857142857,Moyen
Goga Bitadze,229.75,Moyen
Goran Dragic,944.4545454545456,Élevé
Gordon Hayward,1001.5454545454544,Élevé
Gorgui Dieng,459.1,Moyen
Grant Hill,93.0,Faible
Grant Jerrett,16.0,
Grant Riller,18.0,
Grant Williams,443.5,Moyen
Grayson Allen,511.2,Élevé
Greg Brown III,126.5,Faible
Greg Monroe,829.5,Élevé
Greg Oden,67.0,Faible
Greg Smith,145.5,Faible
Greg Stiemsma,160.0,Faible
Greg Whittington,0.0,
Greivis Vasquez,550.6,Élevé
Guerschon Yabusele,86.5,Faible
Gustavo Ayon,158.0,Faible
Hakim Warrick,194.0,Faible
Hamady Ndiaye,6.0,
Hamed Haddadi,84.0,Faible
Hamidou Diallo,454.0,Moyen
Harrison Barnes,1072.3636363636365,Élevé
Harry Giles III,277.3333333333333,Moyen
Hasheem Thabeet,93.5,Faible
Hassan Whiteside,802.625,Élevé
Hassani Gravett,50.0,Faible
Haywood Highsmith,96.0,Faible
Hedo Turkoglu,126.33333333333331,Faible
Henry Ellenson,68.4,Faible
Henry Sims,257.75,Moyen
Henry Walker,175.0,Faible
Herbert Jones,695.5,Élevé
Hilton Armstrong,25.0,
Hollis Thompson,512.5,Élevé
Ian Clark,306.6666666666667,Moyen
Ian Mahinmi,320.0,Moyen
Ignas Brazdeikis,106.0,Faible
Ike Anigbogu,6.5,
Iman Shumpert,306.3333333333333,Moyen
Immanuel Quickley,940.6666666666666,Élevé
Isaac Bonga,109.75,Faible
Isaac Humphries,15.0,
Isaac Okoro,574.6666666666666,Élevé
Isaiah Briscoe,136.0,Faible
Isaiah Canaan,318.8333333333333,Moyen
Isaiah Hartenstein,273.0,Moyen
Isaiah Hicks,46.0,
Isaiah Jackson,376.0,Moyen
Isaiah Joe,347.3333333333333,Moyen
Isaiah Livers,233.5,Moyen
Isaiah Mobley,31.0,
Isaiah Roby,289.75,Moyen
Isaiah Stewart,564.3333333333334,Élevé
Isaiah Taylor,224.0,Moyen
Isaiah Thomas,896.6,Élevé
Isaiah Todd,14.5,
Isaiah Whitehead,321.5,Moyen
Ish Smith,490.9090909090909,Élevé
Ish Wainright,179.5,Faible
Ivan Johnson,452.0,Moyen
Ivan Rabb,242.5,Moyen
Ivica Zubac,545.5714285714286,Élevé
J.J. Barea,587.625,Élevé
J.P. Macura,3.0,
JD Davison,19.0,
JJ Hickson,647.5,Élevé
JJ O'Brien,0.0,
JJ Redick,1013.5555555555557,Élevé
JR Smith,677.875,Élevé
JT Thor,164.5,Faible
Ja Morant,1389.25,Élevé
JaKarr Sampson,205.5,Faible
JaMychal Green,467.55555555555554,Moyen
JaQuori McLaughlin,0.0,
JaVale McGee,396.1818181818182,Moyen
Jabari Bird,39.0,
Jabari Brown,227.0,Moyen
Jabari Parker,547.5,Élevé
Jabari Smith Jr.,1010.0,Élevé
Jabari Walker,216.0,Moyen
Jack Cooley,33.5,
Jack White,21.0,
Jacob Evans,84.0,Faible
Jacob Gilyard,3.0,
Jacob Pullen,2.0,
Jacob Wiley,4.0,
Jaden Hardy,420.0,Moyen
Jaden Ivey,1204.0,Élevé
Jaden McDaniels,675.6666666666666,Élevé
Jaden Springer,22.0,
Jae Crowder,652.7272727272727,Élevé
Jae'Sean Tate,665.3333333333334,Élevé
Jahlil Okafor,427.6666666666667,Moyen
Jahmi'us Ramsey,50.0,Faible
Jaime Echenique,0.0,
Jake LaRavia,105.0,Faible
Jake Layman,195.83333333333331,Faible
Jakob Poeltl,561.7142857142857,Élevé
Jalen Brunson,983.8,Élevé
Jalen Duren,612.0,Élevé
Jalen Green,1420.0,Élevé
Jalen Harris,96.0,Faible
Jalen Johnson,223.5,Moyen
Jalen Jones,77.5,Faible
Jalen Lecque,7.5,
Jalen McDaniels,382.5,Moyen
Jalen Smith,388.3333333333333,Moyen
Jalen Suggs,544.0,Élevé
Jalen Williams,1056.0,Élevé
Jamaal Franklin,21.0,
Jamaal Tinsley,119.0,Faible
Jamal Cain,98.0,Faible
Jamal Crawford,876.25,Élevé
Jamal Murray,1156.1666666666667,Élevé
Jamaree Bouyea,15.0,
Jameel Warney,17.0,
Jameer Nelson,566.3333333333334,Élevé
Jamel Artis,77.0,Faible
James Anderson,379.3333333333333,Moyen
James Bouknight,166.5,Faible
James Ennis III,328.625,Moyen
James Harden,1990.7272727272727,Élevé
James Johnson,429.1818181818182,Moyen
James Jones,143.4,Faible
James Michael McAdoo,83.5,Faible
James Nunnally,31.666666666666668,
James Southerland,14.0,
James Webb III,16.0,
James White,125.0,Faible
James Wiseman,449.0,Moyen
James Young,54.75,Faible
Jamil Wilson,105.0,Faible
Jamorko Pickett,50.0,Faible
Jan Vesely,161.5,Faible
Jannero Pargo,128.0,Faible
Jared Butler,99.0,Faible
Jared Cunningham,49.25,Faible
Jared Dudley,386.1111111111111,Moyen
Jared Harper,14.0,
Jared Jeffries,44.0,
Jared Rhoden,45.0,
Jared Sullinger,578.6,Élevé
Jared Terrell,31.0,
Jarell Eddie,29.0,
Jarell Martin,249.5,Moyen
Jaren Jackson Jr.,878.2,Élevé
Jarnell Stokes,22.33333333333333,
Jaron Blossomgame,114.0,Faible
Jarred Vanderbilt,302.2,Moyen
Jarrell Brantley,36.66666666666666,
Jarrett Allen,819.0,Élevé
Jarrett Culver,233.5,Moyen
Jarrett Jack,603.8333333333334,Élevé
Jarrod Uthoff,29.5,
Jarron Cumberland,2.0,
Jarvis Varnado,53.5,Faible
Jason Collins,33.0,
Jason Kidd,458.0,Moyen
Jason Maxiell,270.0,Moyen
Jason Preston,41.0,
Jason Richardson,259.5,Moyen
Jason Smith,360.1428571428572,Moyen
Jason Terry,399.0,Moyen
Jason Thompson,528.75,Élevé
Javin DeLaurier,0.0,
Javonte Green,235.5,Moyen
Javonte Smart,51.0,Faible
Jawun Evans,118.5,Faible
Jaxson Hayes,452.0,Moyen
Jay Huff,25.5,
Jay Scrubb,32.333333333333336,
Jaylen Adams,55.0,Faible
Jaylen Brown,1204.0,Élevé
Jaylen Hoard,85.66666666666667,Faible
Jaylen Morris,13.333333333333334,
Jaylen Nowell,416.75,Moyen
Jaylin Williams,288.0,Moyen
Jaysean Paige,0.0,
Jayson Tatum,1644.1666666666667,Élevé
Jeff Adrien,210.33333333333331,Moyen
Jeff Ayres,138.0,Faible
Jeff Dowtin Jr.,40.0,
Jeff Green,851.5454545454545,Élevé
Jeff Teague,960.1111111111112,Élevé
Jeff Withey,133.2,Faible
Jeffery Taylor,269.0,Moyen
Jemerrio Jones,15.5,
Jerami Grant,846.5555555555555,Élevé
Jerel McNeal,9.0,
Jeremiah Martin,43.0,
Jeremiah Robinson-Earl,329.0,Moyen
Jeremy Evans,127.8,Faible
Jeremy Lamb,580.5,Élevé
Jeremy Lin,711.2857142857143,Élevé
Jeremy Pargo,145.0,Faible
Jeremy Sochan,614.0,Élevé
Jeremy Tyler,84.0,Faible
Jerian Grant,338.4,Moyen
Jericho Sims,134.0,Faible
Jermaine O'Neal,401.5,Moyen
Jerome Jordan,138.0,Faible
Jerome Robinson,171.33333333333334,Faible
Jerrelle Benimon,0.0,
Jerry Stackhouse,182.0,Faible
Jerryd Bayless,435.2857142857143,Moyen
Jevon Carter,327.0,Moyen
Jimmer Fredette,195.2,Faible
Jimmy Butler,1234.4545454545455,Élevé
Joakim Noah,369.5,Moyen
Jock Landale,360.5,Moyen
Jodie Meeks,482.4285714285714,Moyen
Joe Chealey,2.0,
Joe Harris,571.7777777777778,Élevé
Joe Ingles,601.2222222222222,Élevé
Joe Johnson,807.1428571428571,Élevé
Joe Wieskamp,35.0,
Joe Young,143.0,Faible
Joel Anthony,49.0,Faible
Joel Ayayi,2.0,
Joel Bolomboy,15.5,
Joel Embiid,1531.142857142857,Élevé
Joel Freeland,159.0,Faible
Joel Przybilla,2.0,
Joey Dorsey,184.0,Faible
Joffrey Lauvergne,289.75,Moyen
Johan Petro,108.0,Faible
John Butler Jr.,45.0,
John Collins,961.3333333333334,Élevé
John Henson,422.875,Moyen
John Holland,27.0,
John Jenkins,142.5,Faible
John Konchar,237.75,Moyen
John Lucas III,148.0,Faible
John Salmons,372.3333333333333,Moyen
John Wall,1097.888888888889,Élevé
Johnathan Motley,75.33333333333333,Faible
Johnathan Williams,101.0,Faible
Johnny Davis,163.0,Faible
Johnny Juzang,87.0,Faible
Johnny O'Bryant III,127.25,Faible
Jon Leuer,311.0,Moyen
Jon Teske,0.0,
Jonah Bolden,108.5,Faible
Jonas Jerebko,374.57142857142856,Moyen
Jonas Valanciunas,948.5454545454544,Élevé
Jonathan Gibson,70.0,Faible
Jonathan Isaac,331.0,Moyen
Jonathan Kuminga,659.0,Élevé
Jonathon Simmons,535.5,Élevé
Jontay Porter,22.0,
Jordan Adams,50.5,Faible
Jordan Bell,118.6,Faible
Jordan Bone,34.0,
Jordan Clarkson,1165.2222222222222,Élevé
Jordan Crawford,501.0,Élevé
Jordan Farmar,176.25,Faible
Jordan Goodwin,203.5,Faible
Jordan Hall,28.0,
Jordan Hamilton,193.75,Faible
Jordan Hill,477.6,Moyen
Jordan Loyd,29.0,
Jordan McLaughlin,219.75,Moyen
Jordan McRae,211.5,Moyen
Jordan Mickey,50.66666666666666,Faible
Jordan Nwora,400.0,Moyen
Jordan Poole,1048.75,Élevé
Jordan Schakel,4.0,
Jordan Sibert,3.0,
Jorge Gutierrez,45.66666666666666,
Jose Alvarado,440.0,Moyen
Jose Calderon,455.1428571428572,Moyen
Josh Akognon,5.0,
Josh Childress,7.0,
Josh Christopher,479.5,Moyen
Josh Giddey,967.0,Élevé
Josh Gray,17.0,
Josh Green,322.0,Moyen
Josh Hall,86.0,Faible
Josh Harrellson,51.5,Faible
Josh Hart,610.1666666666666,Élevé
Josh Howard,74.0,Faible
Josh Huestis,62.333333333333336,Faible
Josh Jackson,655.2,Élevé
Josh Magette,29.0,
Josh McRoberts,231.83333333333331,Moyen
Josh Minott,46.0,
Josh Okogie,416.2,Moyen
Josh Powell,4.0,
Josh Reaves,8.0,
Josh Richardson,740.5,Élevé
Josh Selby,20.0,
Josh Smith,790.4,Élevé
Joshua Primo,158.0,Faible
Jrue Holiday,1115.0,Élevé
Juan Toscano-Anderson,205.75,Faible
Juancho Hernangomez,244.42857142857144,Moyen
Julian Champagnie,165.0,Faible
Julian Washburn,40.0,
Julius Randle,1236.3333333333333,Élevé
Julyan Stone,14.666666666666666,
Justin Anderson,214.0,Moyen
Justin Champagnie,46.0,
Justin Dentmon,0.0,
Justin Hamilton,229.0,Moyen
Justin Harper,12.5,
Justin Holiday,521.0,Élevé
Justin Jackson,279.3333333333333,Moyen
Justin James,114.0,Faible
Justin Minaya,17.0,
Justin Patton,21.5,
Justin Robinson,37.333333333333336,
Justin Wright-Foreman,19.0,
Justise Winslow,353.625,Moyen
Jusuf Nurkic,634.3333333333334,Élevé
Juwan Howard,21.0,
Juwan Morgan,25.33333333333333,
KJ Martin,718.0,Élevé
KJ McDaniels,260.6666666666667,Moyen
KZ Okpala,55.5,Faible
Kadeem Allen,86.0,Faible
Kai Jones,89.5,Faible
Kalin Lucas,1.0,
Karim Mane,11.0,
Karl-Anthony Towns,1471.5,Élevé
Kawhi Leonard,1181.7,Élevé
Kay Felder,111.5,Faible
Keegan Murray,976.0,Élevé
Keifer Sykes,180.0,Faible
Keita Bates-Diop,300.0,Moyen
Keith Appling,6.0,
Keith Bogans,161.5,Faible
Kelan Martin,175.0,Faible
Keldon Johnson,924.5,Élevé
Keljin Blevins,53.5,Faible
Kelly Olynyk,699.3,Élevé
Kelly Oubre Jr.,842.625,Élevé
Kemba Walker,1244.2727272727273,Élevé
Kendall Brown,9.0,
Kendall Marshall,200.5,Faible
Kendrick Nunn,778.6666666666666,Élevé
Kendrick Perkins,176.2,Faible
Kennedy Chandler,78.0,Faible
Kenneth Faried,708.4285714285714,Élevé
Kenneth Lofton Jr.,120.0,Faible
Kenrich Williams,345.8,Moyen
Kent Bazemore,541.4,Élevé
Kentavious Caldwell-Pope,873.3,Élevé
Kenyon Martin,95.33333333333331,Faible
Keon Ellis,24.0,
Keon Johnson,228.0,Moyen
Kessler Edwards,192.0,Faible
Kevin Durant,1691.4,Élevé
Kevin Garnett,450.25,Moyen
Kevin Hervey,17.0,
Kevin Huerter,853.0,Élevé
Kevin Jones,95.0,Faible
Kevin Knox II,410.6,Moyen
Kevin Love,924.0909090909092,Élevé
Kevin Martin,917.0,Élevé
Kevin Murphy,15.0,
Kevin Pangos,39.0,
Kevin Porter Jr.,752.0,Élevé
Kevin Seraphin,381.8,Moyen
Kevon Harris,141.0,Faible
Kevon Looney,287.375,Moyen
Keyon Dooling,31.0,
Khem Birch,233.66666666666663,Moyen
Khris Middleton,1057.5454545454545,Élevé
Khyri Thomas,53.333333333333336,Faible
Killian Hayes,471.6666666666667,Moyen
Killian Tillie,87.5,Faible
Kim English,119.0,Faible
Kira Lewis Jr.,199.33333333333331,Faible
Kirk Hinrich,409.75,Moyen
Klay Thompson,1481.111111111111,Élevé
Kobe Bryant,1039.75,Élevé
Kobi Simmons,67.0,Faible
Kosta Koufos,459.0,Moyen
Kostas Antetokounmpo,7.0,
Kostas Papanikolaou,124.5,Faible
Kris Dunn,326.42857142857144,Moyen
Kris Humphries,412.6,Moyen
Kris Joseph,9.0,
Kristaps Porzingis,1125.142857142857,Élevé
Kurt Thomas,97.0,Faible
Kwame Brown,41.0,
Ky Bowman,335.0,Moyen
Kyle Alexander,2.0,
Kyle Anderson,445.8888888888889,Moyen
Kyle Collinsworth,101.0,Faible
Kyle Guy,55.0,Faible
Kyle Korver,705.75,Élevé
Kyle Kuzma,1115.5,Élevé
Kyle Lowry,1090.8181818181818,Élevé
Kyle O'Quinn,321.0,Moyen
Kyle Singler,387.6666666666667,Moyen
Kyle Wiltjer,13.0,
Kyrie Irving,1342.5454545454545,Élevé
LaMarcus Aldridge,1282.0,Élevé
LaMelo Ball,1049.6666666666667,Élevé
Lamar Odom,330.0,Moyen
Lamar Patterson,46.5,Faible
Lamar Stevens,292.0,Moyen
Lance Stephenson,574.375,Élevé
Lance Thomas,235.5,Moyen
Landry Fields,118.0,Faible
Landry Shamet,540.0,Élevé
Langston Galloway,457.0,Moyen
Larry Drew II,31.5,
Larry Nance Jr.,456.375,Moyen
Larry Sanders,268.5,Moyen
Lauri Markkanen,1005.0,Élevé
Lavoy Allen,335.6,Moyen
Lazar Hayward,10.0,
LeBron James,1782.4545454545455,Élevé
Leandro Barbosa,336.8,Moyen
Leandro Bolmaro,28.0,
Lester Hudson,18.0,
Lester Quinones,10.0,
Linas Kleiza,148.0,Faible
Lindell Wigginton,65.0,Faible
Lindy Waters III,206.5,Faible
London Perrantes,7.0,
Lonnie Walker IV,521.2,Élevé
Lonzo Ball,599.0,Élevé
Lorenzo Brown,58.6,Faible
Lou Amundson,106.25,Faible
Lou Williams,1043.5,Élevé
Louis King,32.25,
Luc Mbah a Moute,308.875,Moyen
Lucas Nogueira,111.5,Faible
Luguentz Dort,715.75,Élevé
Luis Montero,7.0,
Luis Scola,657.0,Élevé
Luka Doncic,1820.0,Élevé
Luka Garza,183.5,Faible
Luka Samanic,69.0,Faible
Luke Babbitt,263.3333333333333,Moyen
Luke Kennard,585.3333333333334,Élevé
Luke Kornet,178.0,Faible
Luke Ridnour,477.6666666666667,Moyen
Luke Walton,172.0,Faible
Luke Zeller,19.0,
Luol Deng,678.5714285714286,Élevé
MJ Walker,0.0,
Maalik Wayns,39.0,
Mac McClung,16.5,
Malachi Flynn,262.6666666666667,Moyen
Malachi Richardson,66.0,Faible
Malaki Branham,673.0,Élevé
Malcolm Brogdon,879.8571428571429,Élevé
Malcolm Delaney,364.5,Moyen
Malcolm Hill,38.5,
Malcolm Lee,39.0,
Malcolm Miller,36.0,
Malcolm Thomas,25.0,
Malik Beasley,644.7142857142857,Élevé
Malik Fitts,12.0,
Malik Monk,702.8333333333334,Élevé
Malik Newman,5.0,
Mamadi Diakite,52.333333333333336,Faible
Mangok Mathiang,8.0,
Manny Harris,40.5,
Manu Ginobili,654.8333333333334,Élevé
MarJon Beauchamp,266.0,Moyen
MarShon Brooks,221.0,Moyen
Marc Gasol,958.6666666666666,Élevé
Marcelo Huertas,150.0,Faible
Marcin Gortat,795.2857142857143,Élevé
Marco Belinelli,727.25,Élevé
Marcus Camby,42.0,
Marcus Derrickson,46.0,
Marcus Garrett,13.0,
Marcus Georges-Hunt,36.5,
Marcus Morris Sr.,873.5454545454545,Élevé
Marcus Paige,12.0,
Marcus Smart,682.3333333333334,Élevé
Marcus Thornton,561.6,Élevé
Marial Shayok,11.0,
Mario Chalmers,666.0,Élevé
Mario Hezonja,456.8,Moyen
Mark Williams,387.0,Moyen
Markel Brown,194.66666666666663,Faible
Markelle Fultz,376.6666666666667,Moyen
Markieff Morris,680.6363636363636,Élevé
Marko Guduric,173.0,Faible
Marko Simonovic,11.5,
Markus Howard,115.5,Faible
Marques Bolden,3.5,
Marquese Chriss,367.6666666666667,Moyen
Marquis Daniels,324.0,Moyen
Marquis Teague,72.33333333333333,Faible
Marreese Speights,597.0,Élevé
Marshall Plumlee,27.0,
Martell Webster,578.0,Élevé
Marvin Bagley III,552.0,Élevé
Marvin Williams,668.625,Élevé
Mason Jones,97.5,Faible
Mason Plumlee,634.1,Élevé
Matisse Thybulle,308.0,Moyen
Matt Barnes,699.2,Élevé
Matt Bonner,206.25,Faible
Matt Carroll,0.0,
Matt Costello,4.0,
Matt Mooney,1.0,
Matt Ryan,62.5,Faible
Matt Thomas,167.33333333333334,Faible
Matt Williams Jr.,5.0,
Matthew Dellavedova,278.8888888888889,Moyen
Maurice Harkless,425.9,Moyen
Maurice Ndour,98.0,Faible
Max Christie,128.0,Faible
Max Strus,471.25,Moyen
Maxi Kleber,421.1666666666667,Moyen
McKinley Wright IV,59.5,Faible
Melvin Ely,6.0,
Melvin Frazier Jr.,29.0,
Metta World Peace,325.25,Moyen
Meyers Leonard,254.5,Moyen
Mfiondu Kabengele,47.66666666666666,Faible
Micah Potter,18.0,
Michael Beasley,478.1428571428572,Moyen
Michael Carter-Williams,448.8888888888889,Moyen
Michael Foster Jr.,0.0,
Michael Frazier II,27.0,
Michael Gbinije,4.0,
Michael Kidd-Gilchrist,468.75,Moyen
Michael Porter Jr.,710.75,Élevé
Mickael Gelabale,181.0,Faible
Mickael Pietrus,100.0,Faible
Mikal Bridges,1030.8,Élevé
Mike Conley,979.2727272727273,Élevé
Mike Dunleavy,561.2,Élevé
Mike Harris,84.0,Faible
Mike James,180.0,Faible
Mike Miller,212.0,Moyen
Mike Muscala,304.9,Moyen
Mike Scott,415.1111111111111,Moyen
Mike Tobey,2.0,
Miles Bridges,973.25,Élevé
Miles McBride,155.5,Faible
Miles Plumlee,242.42857142857144,Moyen
Milos Teodosic,238.5,Moyen
Milton Doyle,34.0,
Mindaugas Kuzminskas,212.5,Moyen
Miroslav Raduljica,94.5,Faible
Mirza Teletovic,439.3333333333333,Moyen
Mitch McGary,113.5,Faible
Mitchell Creek,21.0,
Mitchell Robinson,475.2,Moyen
Miye Oni,48.333333333333336,Faible
Mo Bamba,414.0,Moyen
Mo Williams,653.75,Élevé
Monta Ellis,1280.2,Élevé
Monte Morris,597.1666666666666,Élevé
Montrezl Harrell,777.5,Élevé
Moritz Wagner,414.8,Moyen
Moses Brown,176.75,Faible
Moses Moody,265.0,Moyen
Moses Wright,5.0,
Moussa Diabate,59.0,Faible
Mustafa Shakur,1.0,
Mychal Mulder,161.0,Faible
Myke Henry,107.0,Faible
Myles Powell,13.0,
Myles Turner,824.75,Élevé
Naji Marshall,419.0,Moyen
Nando De Colo,226.5,Moyen
Nassir Little,290.25,Moyen
Nate Darling,9.0,
Nate Hinton,20.5,
Nate Robinson,442.25,Moyen
Nate Williams,53.0,Faible
Nate Wolters,153.66666666666666,Faible
Nathan Knight,133.66666666666666,Faible
Naz Mitrou-Long,11.0,
Naz Reid,617.75,Élevé
Nazr Mohammed,81.25,Faible
Neemias Queta,28.5,
Nemanja Bjelica,487.4285714285714,Moyen
Nemanja Nedovic,26.0,
Nene,554.5714285714286,Élevé
Nerlens Noel,370.8888888888889,Moyen
Nic Claxton,412.25,Moyen
Nick Calathes,295.0,Moyen
Nick Collison,201.66666666666663,Faible
Nick Johnson,74.0,Faible
Nick Richards,232.33333333333331,Moyen
Nick Young,586.8571428571429,Élevé
Nickeil Alexander-Walker,457.5,Moyen
Nico Mannion,123.0,Faible
Nicolas Batum,728.9090909090909,Élevé
Nicolas Brussino,75.0,Faible
Nicolas Laprovittola,59.0,Faible
Nicolo Melli,264.5,Moyen
Nigel Hayes,27.0,
Nigel Williams-Goss,14.0,
Nik Stauskas,381.6666666666667,Moyen
Nikola Jokic,1506.75,Élevé
Nikola Jovic,82.0,Faible
Nikola Mirotic,782.0,Élevé
Nikola Pekovic,598.75,Élevé
Nikola Vucevic,1247.0,Élevé
Noah Vonleh,210.625,Moyen
Nolan Smith,110.0,Faible
Norman Powell,724.375,Élevé
Norris Cole,413.0,Moyen
Norvel Pelle,27.666666666666668,
O.J. Mayo,747.5,Élevé
OG Anunoby,711.3333333333334,Élevé
Obi Toppin,466.0,Moyen
Ochai Agbaji,467.0,Moyen
Ognjen Kuzmic,17.5,
Okaro White,39.333333333333336,
Olivier Sarr,94.5,Faible
Omari Johnson,22.0,
Omari Spellman,321.0,Moyen
Omer Asik,340.8333333333333,Moyen
Omer Yurtseven,169.5,Faible
Omri Casspi,397.2857142857143,Moyen
Onyeka Okongwu,470.3333333333333,Moyen
Orlando Johnson,109.66666666666669,Faible
Orlando Robinson,116.0,Faible
Oshae Brissett,319.25,Moyen
Othyus Jeffers,9.0,
Otto Porter Jr.,538.0,Élevé
Ousmane Dieng,193.0,Faible
P.J. Tucker,524.7272727272727,Élevé
P.J. Washington,836.5,Élevé
PJ Dozier,115.5,Faible
PJ Hairston,332.0,Moyen
Pablo Prigioni,236.5,Moyen
Paolo Banchero,1437.0,Élevé
Paris Bass,6.0,
Pascal Siakam,1144.2857142857142,Élevé
Pat Connaughton,366.875,Moyen
Patricio Garino,0.0,
Patrick Baldwin Jr.,122.0,Faible
Patrick Beverley,460.8181818181818,Moyen
Patrick Christopher,6.0,
Patrick McCaw,152.0,Faible
Patrick Patterson,440.44444444444446,Moyen
Patrick Williams,547.0,Élevé
Patty Mills,656.5454545454545,Élevé
Pau Gasol,861.7142857142857,Élevé
Paul George,1371.5454545454545,Élevé
Paul Millsap,895.8,Élevé
Paul Pierce,761.2,Élevé
Paul Reed,163.66666666666666,Faible
Paul Watson,57.66666666666666,Faible
Paul Zipser,229.0,Moyen
Payton Pritchard,407.3333333333333,Moyen
Pero Antic,354.0,Moyen
Perry Jones III,162.66666666666666,Faible
Petr Cornelie,14.0,
Peyton Siva,54.0,Faible
Peyton Watson,75.0,Faible
Phil Pressey,155.66666666666666,Faible
Pierre Jackson,35.0,
Precious Achiuwa,492.0,Élevé
Quentin Grimes,537.0,Élevé
Quentin Richardson,5.0,
Quenton Jackson,56.0,Faible
Quincy Acy,234.57142857142856,Moyen
Quincy Miller,98.33333333333331,Faible
Quincy Pondexter,230.0,Moyen
Quinn Cook,240.0,Moyen
Quinndary Weatherspoon,29.33333333333333,
R.J. Hampton,381.6666666666667,Moyen
RJ Barrett,1225.0,Élevé
RJ Hunter,33.25,
RJ Nembhard Jr.,15.0,
RaiQuan Gray,16.0,
Rajon Rondo,460.8,Moyen
Rakeem Christmas,31.5,
Ramon Sessions,592.8333333333334,Élevé
Randy Foye,643.2,Élevé
Rashad Vaughn,141.0,Faible
Rashard Lewis,276.5,Moyen
Rasheed Wallace,146.0,Faible
Rasual Butler,280.0,Moyen
Raul Neto,308.75,Moyen
Rawle Alkins,37.0,
Ray Allen,782.0,Élevé
Ray McCallum,306.6666666666667,Moyen
Ray Spalding,29.0,
Rayjon Tucker,39.0,
Raymond Felton,527.7142857142857,Élevé
Reggie Bullock Jr.,394.3,Moyen
Reggie Evans,251.0,Moyen
Reggie Hearn,3.0,
Reggie Jackson,885.0909090909091,Élevé
Reggie Perry,85.0,Faible
Reggie Williams,55.25,Faible
Richard Hamilton,490.0,Élevé
Richard Jefferson,387.8333333333333,Moyen
Richaun Holmes,466.875,Moyen
Ricky Ledo,54.5,Faible
Ricky Rubio,648.5454545454545,Élevé
Rob Edwards,3.0,
Robbie Hummel,189.5,Faible
Robert Covington,651.0,Élevé
Robert Franks,43.0,
Robert Sacre,196.75,Faible
Robert Williams III,306.8,Moyen
Robert Woodard II,13.5,
Robin Lopez,628.0909090909091,Élevé
Rodions Kurucs,260.0,Moyen
Rodney Hood,582.0,Élevé
Rodney McGruder,260.7142857142857,Moyen
Rodney Purvis,96.0,Faible
Rodney Stuckey,716.4,Élevé
Rodrigue Beaubois,181.0,Faible
Roger Mason Jr.,221.5,Moyen
Romeo Langford,162.5,Faible
Ron Baker,100.0,Faible
Ron Harper Jr.,20.0,
Rondae Hollis-Jefferson,460.0,Moyen
Ronnie Brewer,93.0,Faible
Ronnie Price,149.0,Faible
Ronny Turiaf,90.0,Faible
Roy Hibbert,662.4,Élevé
Royal Ivey,85.0,Faible
Royce O'Neale,492.6666666666667,Élevé
Royce White,0.0,
Rudy Gay,891.1818181818181,Élevé
Rudy Gobert,853.1,Élevé
Rui Hachimura,655.0,Élevé
Russ Smith,26.5,
Russell Westbrook,1684.3636363636365,Élevé
Ryan Anderson,670.75,Élevé
Ryan Arcidiacono,171.83333333333334,Faible
Ryan Broekhoff,119.0,Faible
Ryan Gomes,6.0,
Ryan Hollins,152.0,Faible
Ryan Kelly,245.25,Moyen
Ryan Rollins,23.0,
Saben Lee,208.66666666666663,Moyen
Saddiq Bey,1080.0,Élevé
Salah Mejri,173.25,Faible
Sam Dekker,218.8,Moyen
Sam Hauser,288.5,Moyen
Sam Merrill,46.333333333333336,Faible
Sam Young,155.0,Faible
Samardo Samuels,58.0,Faible
Samuel Dalembert,323.3333333333333,Moyen
Sandro Mamukelashvili,208.5,Moyen
Santi Aldama,414.0,Moyen
Sasha Kaun,23.0,
Sasha Pavlovic,103.0,Faible
Sasha Vujacic,141.66666666666666,Faible
Scott Machado,9.0,
Scottie Barnes,1156.5,Élevé
Scottie Lewis,1.0,
Scotty Hopson,2.0,
Scotty Pippen Jr.,14.0,
Sean Kilpatrick,404.0,Moyen
Sean McDermott,39.0,
Sebastian Telfair,232.5,Moyen
Sekou Doumbouya,180.66666666666663,Faible
Semaj Christon,183.0,Faible
Semi Ojeleye,195.0,Faible
Serge Ibaka,832.3636363636364,Élevé
Sergey Karasev,95.66666666666669,Faible
Sergio Rodriguez,530.0,Élevé
Seth Curry,534.0,Élevé
Shabazz Muhammad,500.8,Élevé
Shabazz Napier,405.5,Moyen
Shaedon Sharpe,789.0,Élevé
Shai Gilgeous-Alexander,1311.2,Élevé
Shake Milton,473.6,Moyen
Shamorie Ponds,9.0,
Shane Battier,385.0,Moyen
Shane Edwards,2.0,
Shane Larkin,349.75,Moyen
Shannon Brown,233.33333333333331,Moyen
Shaq Buchanan,2.0,
Shaquille Harrison,159.33333333333334,Faible
Sharife Cooper,7.0,
Shaun Livingston,433.7142857142857,Moyen
Shavlik Randolph,37.0,
Shawn Long,148.0,Faible
Shawn Marion,626.3333333333334,Élevé
Shawne Williams,271.5,Moyen
Shayne Whittington,34.0,
Sheldon Mac,90.0,Faible
Shelvin Mack,395.2857142857143,Moyen
Sim Bhullar,2.0,
Simone Fontecchio,328.0,Moyen
Sindarius Thornwell,100.25,Faible
Skal Labissiere,267.25,Moyen
Skylar Mays,98.66666666666669,Faible
Solomon Hill,272.55555555555554,Moyen
Solomon Jones,7.0,
Sonny Weems,107.0,Faible
Spencer Dinwiddie,712.3333333333334,Élevé
Spencer Hawes,612.0,Élevé
Stanley Johnson,350.75,Moyen
Stanley Umude,2.0,
Stanton Kidd,0.0,
Stephen Curry,1687.0,Élevé
Stephen Jackson,178.0,Faible
Stephen Zimmerman,23.0,
Sterling Brown,238.5,Moyen
Steve Blake,327.25,Moyen
Steve Nash,369.0,Moyen
Steve Novak,161.0,Faible
Steven Adams,651.8,Élevé
Svi Mykhailiuk,334.6,Moyen
T.J. Leaf,119.25,Faible
T.J. McConnell,493.625,Élevé
T.J. Warren,682.0,Élevé
Tacko Fall,27.33333333333333,
Tahjere McCall,4.0,
Taj Gibson,588.0,Élevé
Talen Horton-Tucker,478.5,Moyen
Tari Eason,760.0,Élevé
Tarik Black,268.75,Moyen
Tariq Owens,4.0,
Taurean Prince,627.4285714285714,Élevé
Tayshaun Prince,490.25,Élevé
Terance Mann,539.0,Élevé
Terence Davis,454.5,Moyen
Terrance Ferguson,231.0,Moyen
Terrel Harris,15.0,
Terrence Jones,405.1666666666667,Moyen
Terrence Ross,731.5454545454545,Élevé
Terrence Williams,110.0,Faible
Terry Rozier,921.0,Élevé
Terry Taylor,203.5,Faible
Thabo Sefolosha,349.0,Moyen
Thaddeus Young,868.5454545454545,Élevé
Thanasis Antetokounmpo,89.8,Faible
Theo Maledon,438.0,Moyen
Theo Pinson,69.2,Faible
Thomas Bryant,385.3333333333333,Moyen
Thomas Robinson,305.6,Moyen
Thomas Welsh,18.0,
Thon Maker,243.2,Moyen
Tiago Splitter,397.8,Moyen
Tibor Pleiss,24.0,
Tim Duncan,984.5,Élevé
Tim Frazier,176.5,Faible
Tim Hardaway Jr.,916.8,Élevé
Tim Ohlbrecht,3.0,
Tim Quarterman,17.5,
Timofey Mozgov,445.0,Moyen
Timothe Luwawu-Cabarrot,322.8333333333333,Moyen
Tobias Harris,1199.090909090909,Élevé
Tomas Satoransky,446.0,Moyen
Toney Douglas,287.0,Moyen
Tony Allen,503.3333333333333,Élevé
Tony Bradley,132.0,Faible
Tony Mitchell,14.0,
Tony Parker,842.4285714285714,Élevé
Tony Snell,408.0,Moyen
Tony Wroten,401.0,Moyen
Tornike Shengelia,29.5,
Torrey Craig,381.0,Moyen
Toure' Murry,73.0,Faible
Trae Young,1798.0,Élevé
Travis Outlaw,271.5,Moyen
Travis Wear,137.0,Faible
Trayvon Palmer,0.0,
Tre Jones,460.6666666666667,Moyen
Tre Mann,571.0,Élevé
Tremont Waters,49.66666666666666,Faible
Trendon Watford,411.5,Moyen
Trent Forrest,111.66666666666669,Faible
Trevelin Queen,32.0,
Treveon Graham,189.25,Faible
Trevon Duval,5.0,
Trevon Scott,6.0,
Trevor Ariza,709.2,Élevé
Trevor Booker,485.6666666666667,Moyen
Trevor Hudgins,9.0,
Trevor Keels,3.0,
Trey Burke,532.4444444444445,Élevé
Trey Lyles,508.125,Élevé
Trey McKinney-Jones,0.0,
Trey Murphy III,741.0,Élevé
Tristan Thompson,609.8,Élevé
Troy Brown Jr.,389.8,Moyen
Troy Caupain,10.0,
Troy Daniels,318.85714285714283,Moyen
Troy Murphy,65.0,Faible
Troy Williams,143.0,Faible
Ty Jerome,276.0,Moyen
Ty Lawson,900.6,Élevé
Ty-Shon Alexander,9.0,
TyTy Washington Jr.,145.0,Faible
Tyler Bey,18.0,
Tyler Cavanaugh,96.0,Faible
Tyler Cook,82.0,Faible
Tyler Davis,0.0,
Tyler Dorsey,236.66666666666663,Moyen
Tyler Ennis,194.75,Faible
Tyler Hall,0.0,
Tyler Hansbrough,313.5,Moyen
Tyler Herro,1068.0,Élevé
Tyler Honeycutt,8.0,
Tyler Johnson,433.625,Moyen
Tyler Lydon,11.5,
Tyler Ulis,332.6666666666667,Moyen
Tyler Zeller,359.125,Moyen
Tyreke Evans,835.4285714285714,Élevé
Tyrell Terry,6.5,
Tyrese Haliburton,1031.3333333333333,Élevé
Tyrese Martin,21.0,
Tyrese Maxey,1005.6666666666666,Élevé
Tyrone Wallace,141.5,Faible
Tyrus Thomas,64.5,Faible
Tyshawn Taylor,87.0,Faible
Tyson Chandler,414.5,Moyen
Tyus Jones,453.625,Moyen
Udoka Azubuike,73.66666666666667,Faible
Udonis Haslem,83.81818181818181,Faible
Usman Garuba,136.5,Faible
Vander Blue,10.0,
Vernon Carey Jr.,24.0,
Viacheslav Kravtsov,48.5,Faible
Vic Law,15.0,
Victor Claver,86.0,Faible
Victor Oladipo,850.3,Élevé
Vince Carter,574.125,Élevé
Vince Williams Jr.,30.0,
Vincent Edwards,3.0,
Vincent Hunter,6.0,
Vincent Poirier,24.5,
Vit Krejci,111.5,Faible
Vitor Faverani,164.0,Faible
Vladimir Radmanovic,33.0,
Vlatko Cancar,115.25,Faible
Wade Baldwin IV,58.0,Faible
Walker Kessler,679.0,Élevé
Walt Lemon Jr.,51.5,Faible
Wayne Ellington,496.4,Élevé
Wayne Selden,228.75,Moyen
Wendell Carter Jr.,668.8,Élevé
Wendell Moore Jr.,42.0,
Wenyen Gabriel,162.0,Faible
Wes Iwundu,197.8,Faible
Wesley Johnson,447.57142857142856,Moyen
Wesley Matthews,738.8181818181819,Élevé
Will Barton,693.1818181818181,Élevé
Will Bynum,381.0,Moyen
Will Cherry,15.0,
Will Conroy,1.0,
Will Magnay,0.0,
William Howard,0.0,
Willie Cauley-Stein,525.0,Élevé
Willie Green,343.0,Moyen
Willie Reed,250.33333333333331,Moyen
Willy Hernangomez,360.57142857142856,Moyen
Wilson Chandler,693.7142857142857,Élevé
Xavier Cooks,38.0,
Xavier Henry,215.33333333333331,Moyen
Xavier Moon,32.5,
Xavier Munford,41.5,
Xavier Rathan-Mayes,29.0,
Xavier Silas,0.0,
Xavier Sneed,11.0,
Xavier Tillman,357.0,Moyen
Yante Maten,2.0,
Yogi Ferrell,398.8,Moyen
Yuta Watanabe,155.6,Faible
Yves Pons,13.0,
Zach Collins,366.0,Moyen
Zach LaVine,1264.3333333333333,Élevé
Zach Lofton,0.0,
Zach Norvell Jr.,10.0,
Zach Randolph,1101.5,Élevé
Zavier Simpson,44.0,
Zaza Pachulia,433.7142857142857,Moyen
Zeke Nnaji,227.66666666666663,Moyen
Zhaire Smith,24.0,
Zhou Qi,12.0,
Ziaire Williams,355.5,Moyen
Zion Williamson,980.3333333333334,Élevé
Zoran Dragic,28.0,
Zylan Cheatham,6.0,
